claim_text,ground_truth
"[Email received: 2024-04-22]

Subject: Property claim from Jennifer Garcia—CLM-424063 (Shopping Center Incident)

Hi—this is Jennifer Garcia, and I’m writing because, honestly, I’m still kind of in shock about what happened this morning. They gave me this claim reference CLM-424063 when I called the help line earlier, but I figured I should also email so everything’s in writing—it’s just been a really stressful day, and I want to make sure nothing gets missed. Not sure how these things usually work, I guess you’ll get back to me? Anyway...

I’m the owner on Policy POL-787532354, with property coverage for my home at 6650 Broadway in Georgetown (you probably have it already under the id 656048, it’s the single-family one built in ‘72—big front yard, needs new gutters, but that’s not the issue today). My policy’s only been active since December 20th of last year, I think it's valid through all of June. My daughter had a doctor’s appointment at the clinic near the shopping center at around 8:30 AM and ran inside. When we came back home, there were these broken flowerpots and spray paint all over part of our fence panels—they’d actually hauled stuff from some landscaping shop or something and smashed it on our property. I don’t even know who’d do that. It looked intentional, not like an accident, and my neighbor Sandra saw two teenagers running off but couldn’t see any faces.

I called the police right away and got the report number (PR-20250822-4864, if that helps). The officer said it counted as property damage, and they made a note of everything. So here’s everything, I hope.

Nothing’s really happened like this before, so I’m not sure what to expect, but honestly it looks like around $5,800 worth of repairs—$5,834 is what the contractor estimated, anyway, though my husband keeps thinking it’ll cost more with labor. The main thing is the cosmetic repairs, but now I’m worried about the wood swelling if it rains this week. It’s just so frustrating because we only painted that fence last year! Oh, and I hope this email is okay for the claim—I never know if I should call again. I did get an email confirmation back when I called in too.

Let me know if you need more info or pictures (I’ve got like 40 on my phone, some are blurry because my dog was running around but you can see most of the damage). Sorry this message is long—I’m still kind of frazzled and my coffee spilled all over my planner this","{'header': {'claim_id': 'CLM-424063', 'report_date': '2024-04-22', 'incident_date': '2024-04-22', 'reported_by': 'Jennifer Garcia', 'channel': 'Phone'}, 'policy_details': {'policy_number': 'POL-787532354', 'policyholder_name': 'Jennifer Garcia', 'coverage_type': 'Property', 'effective_date': '2023-12-20', 'expiration_date': '2024-06-30'}, 'insured_objects': [{'object_id': 'PROP-656048', 'object_type': 'Building', 'make_model': 'House', 'year': 1972, 'location_address': '6650 Broadway, Georgetown', 'estimated_value': None}], 'incident_description': {'incident_type': 'vandalism', 'location_type': 'residential_property', 'estimated_damage_amount': 5834, 'police_report_number': 'PR-20250822-4864'}}"
"[In-person report timestamp: 2025-08-22]

Michael Miller was greeted by Joanne in the lobby to report an incident. For following up with the report in the future, the claim was assigned under —CLM-748422—.

The incident itself happened just yesterday when they received a phone call. It was the store manager, and she sounded pretty freaked out. I guess someone broke in the night before and, well, deliberately trashed part of the place. Their townhouse building at 2850 Main St. in Lexington (it’s the business location too) got hit. They do have a policy on it—POL-930881789, which he took out last year, on March 3rd, and it’s supposed to still be good till March 2nd, 2026, covering said townhouse (PROP-199807).

Upon arrival, Michael saw broken windows, some of the shelving units got knocked down, and they spray-painted the back wall with a bunch of nonsense. He’s told the damage comes to almost ten grand—a little less, actually, $9415 the repair guys estimated. The police showed up yesterday, took a report themselves. He hasn’t had anything like this in the decade the building’s been up (it was built in 2014).","{'header': {'claim_id': 'CLM-748422', 'report_date': '2025-08-22', 'incident_date': '2025-08-21', 'reported_by': 'Michael Miller', 'channel': 'In-Person'}, 'policy_details': {'policy_number': 'POL-930881789', 'policyholder_name': 'Michael Miller', 'coverage_type': 'Property', 'effective_date': '2024-03-03', 'expiration_date': '2026-03-02'}, 'insured_objects': [{'object_id': 'PROP-199807', 'object_type': 'Building', 'make_model': 'Townhouse', 'year': 2014, 'location_address': '2850 Main St, Lexington', 'estimated_value': None}], 'incident_description': {'incident_type': 'vandalism', 'location_type': 'commercial_property', 'estimated_damage_amount': 9415, 'police_report_number': None}}"
"Hi, this is David Taylor again—I already dropped by your office this morning, but thought I'd follow up with a recap, just to get everything straight. When I came in earlier, the lady at the front gave me this claim number, CLM-255335, which she wrote on a sticky note for me. I guess that's the one you need in your system.

So, about what happened: Well, today has honestly been a mess. The incident actually happened earlier today, August 20. [System timestamp: 2025-08-20] I mean, I started my morning like usual—coffee from that place downstairs that always burns it a little, and I was late again because I couldn't find my keys. Anyway, I didn’t expect anything out of the ordinary until one of our main products, which I suppose I should've paid more attention to when the delivery guy said the packaging looked weird, malfunctioned right at our own location. It was a complete surprise—nobody thought it could happen, you know, right smack in the middle of our workspace.

I was there when the thing broke down, and to be honest, there was this horrible sound and then next thing you know, there's damage everywhere. There wasn’t a fire luckily, but it did cause a whole lot of harm to the building and some of our inventory, which now looks like a total loss. Maintenance is still sweeping things up, and people from next door keep popping in to see if we’re okay. Honestly, it's been non-stop interruptions all day. The funniest part is, the vending machine is still broken too—unrelated, but that’s the kind of day it’s been.

So, bottom line, we’re estimating the cost of all the repairs and replacement, and the total comes to a staggering $423,312. I had to double check with accounting because I honestly thought they'd made a mistake. I can’t even imagine how long it’s going to take to get things back to normal, especially considering this all happened here at our business address. There’s a pile of paperwork already on my desk about this, I haven’t even had lunch, and now my phone won’t stop ringing.  

Anyway, not sure if you need any more details from me right now—I gave most of this info when I came in earlier, but let me know if you have any questions. Honestly, I might remember more once I’ve had another cup of coffee. Thanks.","{'header': {'claim_id': 'CLM-255335', 'report_date': '2025-08-20', 'incident_date': '2025-08-20', 'reported_by': 'David Taylor', 'channel': 'In-Person'}, 'policy_details': {'policy_number': None, 'policyholder_name': 'David Taylor', 'coverage_type': 'Property', 'effective_date': None, 'expiration_date': None}, 'insured_objects': [{'object_type':'Building','make_model':'office'}], 'incident_description': {'incident_type': 'product_liability', 'location_type': 'commercial_property', 'estimated_damage_amount': 423312, 'police_report_number': None}}"
"[Portal submission timestamp: 2025-08-30]

Submitted by Jennifer Johnson
Claim ID: CLM-988147
Policy Number: POL-467268181

Incident Details:
Date: August 30, 2025
Location: Shopping center parking lot, Highland Avenue
Time: Approximately 12:30 PM

Description:
I was driving my 2019 Mercedes GLC (VIN: VIN19157663903019200) when another vehicle struck the driver's side in a T-bone collision. The impact occurred as I was navigating through the parking lot near the intersection by the new coffee shop.

Vehicles on Policy:
1. 2017 BMW X3 (VIN: VIN95384130612982136) - estimated value $15,265 (not involved in incident)
2. 2019 Mercedes GLC (VIN: VIN19157663903019200) - estimated value $20,372 (damaged vehicle)

Policy Information:
Coverage Type: Auto
Effective Date: November 19, 2023
Expiration Date: May 31, 2025

Damage Assessment:
Estimated repair cost: $22,631
Damage includes: Significant side panel damage, inoperable doors, bent front wheel, broken windows
Vehicle required towing due to unsafe driving condition

Police Report:
Officer responded to scene
Report Number: PR-20250830-7127
Official report pending due to department backlog

Additional Notes:
Submitted same day as incident. Photos and documentation uploaded to portal. Available for follow-up as needed.","{'header': {'claim_id': 'CLM-988147', 'report_date': '2025-08-30', 'incident_date': '2025-08-30', 'reported_by': 'Jennifer Johnson', 'channel': 'Portal'}, 'policy_details': {'policy_number': 'POL-467268181', 'policyholder_name': 'Jennifer Johnson', 'coverage_type': 'Auto', 'effective_date': '2023-11-19', 'expiration_date': '2025-05-31'}, 'insured_objects': [{'object_id': 'VIN95384130612982136', 'object_type': 'Vehicle', 'make_model': 'BMW X3', 'year': 2017, 'location_address': None, 'estimated_value': 15265}, {'object_id': 'VIN19157663903019200', 'object_type': 'Vehicle', 'make_model': 'Mercedes GLC', 'year': 2019, 'location_address': None, 'estimated_value': 20372}], 'incident_description': {'incident_type': 'side_impact_collision', 'location_type': 'parking_lot', 'estimated_damage_amount': 22631, 'police_report_number': 'PR-20250830-7127'}}"
"[Portal submission timestamp: 2025-08-22]

Hi, I’m Ashley Rodriguez. So, I'm not really sure where to start here—I haven’t had to do this before, and a friend told me you guys need details, like every little thing, even if it seems stupid. Anyway, last night, well, technically the night before last because today's the 22nd (I think—these days kind of blur together), I had this thing happen at my house over on Pine Rd in Arlington, you know, the one built the same year as my birthday on January 1st, 1959, and now I guess it’s this “claim.” The system on your portal gave me this long number, I think it was CLM-597471 or something similar, just so you can match it up.

So, yeah, the deal is: there was a fire in my kitchen, which I think technically counts as a “grease fire?” I was making dinner, the usual rush after getting home from work, and the oil on the stove just… caught. It flared up, like, really quickly, which I obviously didn’t expect—I mean, I’ve cooked in that kitchen for years! My daughter was actually watching TV in the next room, thankfully, so she didn’t get hurt or anything. I did all that “don’t put water on it” stuff, but still, it got smoky fast. We had to air the place out for hours, actually.

I reported it through your website—honestly, there were a million questions but I tried to answer most of them. It was definitely last Wednesday, which would be the 20st, because that’s when the fire department came (they got there fast, no complaints), and today’s Friday, so it’s only been a day. Your system says I’m covered under property, and I checked my records: my policy is POL-998781390, and I’ve had it since April 18th, I think, 2024—though I know it’s good until October 16th this year.

Anyway, the fire mostly damaged the cooking area, but smoke got everywhere, like, literally even into the other side of the house, so it wasn’t just the stove area. Cabinets, backsplash, even the ceiling, which is annoying because we painted last year. The kitchen’s basically unusable now—stuff melted, counters look terrible, and there’s a weird smell, even though we left the windows open all night (there’s a huge pine tree outside, so at least there was a breeze). It felt weird to go upstairs and see soot everywhere, honestly.

I’m honestly not super sure about the numbers, but the contractor who came today gave me an estimate—something like fifty-two thousand dollars, maybe $52,774 exactly, for repairs and cleaning? I don’t have any idea if that’s high or not, but I just want my house back. Did you need the house number, ohh right, it's 7400 Pi..","{'header': {'claim_id': 'CLM-597471', 'report_date': '2025-08-22', 'incident_date': '2025-08-20', 'reported_by': 'Ashley Rodriguez', 'channel': 'Portal'}, 'policy_details': {'policy_number': 'POL-998781390', 'policyholder_name': 'Ashley Rodriguez', 'coverage_type': 'Property', 'effective_date': '2024-04-18', 'expiration_date': '2025-10-16'}, 'insured_objects': [{'object_id': None, 'object_type': 'Building', 'make_model': 'House', 'year': 1959, 'location_address': '7400 Pine Rd, Arlington', 'estimated_value': None}], 'incident_description': {'incident_type': 'kitchen_fire', 'location_type': 'residential_property', 'estimated_damage_amount': 52774, 'police_report_number': None}}"
"Hi, so I’m Jennifer Davis, and I’m emailing because I was told to reach out to your office about what happened at my property earlier this week—I believe I was given a case or claim number, I think it’s CLM-509317? Sorry, I have all these numbers and dates floating around right now, with so much paperwork. I hope this is the right one.

I own a building at 9350 Broadway here in Springfield. It’s my residential property actually, built back in 2010, and I’ve had it insured with you since November 2023, or, well, I think my coverage started around the 14th—that’s the effective date on my policy (POL-756977389). It’s liability coverage, and—though I doubt this matters to you right now—I had actually just been joking with my neighbor about how complicated insurance stuff can get. Anyway, the policy should’ve been good at the time of the accident because, unless I’m missing something, it doesn’t expire until May 13th next year. I hope that matches with your records; paperwork always makes me a little anxious.

So, what happened was, last Sunday—well, technically September 1st, if I’m reading my phone’s calendar right—I got a call from one of the tenants who rents on the first floor. Apparently, someone who was visiting slipped and fell right at the entrance area. They told me the person lost their balance, or footing, I guess, and went down kind of hard. Honestly, I wasn’t there when it happened, so I can only go by what they said and what I saw later. There hadn’t been any spills or anything obvious from what I could tell—maybe a slight slope on the steps  outdoors, but nothing that seemed risky until now.

I reported all this today, on the 4th (you’ll probably see that from this email timestamp: [Email received: 2025-09-04]), but I didn’t know how quickly I was supposed to contact you, so sorry if there’s a delay. The whole thing happened two or three days ago, and I just didn’t want to let it go unreported.

I’m still getting more details about their injuries and whether they’re ok (I hope so!), but already I’m hearing the repair estimates around the entrance are coming in at something like $21,000—or $21,040 to be exact, which is just... honestly, I didn’t expect it to be that high for some steps and tiles, but work has gotten so expensive in Springfield. The property was valued at $463,611 last time I checked with your office, just so you know what we’re talking about.

If you need anything else, let me know—I have a bunch of receipts and about four different folders with paperwork all over the kitchen table, so I can probably find anything if you need it.","{'header': {'claim_id': 'CLM-509317', 'report_date': '2025-09-04', 'incident_date': '2025-09-01', 'reported_by': 'Jennifer Davis', 'channel': 'Email'}, 'policy_details': {'policy_number': 'POL-756977389', 'policyholder_name': 'Jennifer Davis', 'coverage_type': 'Liability', 'effective_date': '2023-11-14', 'expiration_date': '2026-05-13'}, 'insured_objects': [{'object_id': None, 'object_type': 'Building', 'make_model': 'House', 'year': 2010, 'location_address': '9350 Broadway, Springfield', 'estimated_value': 463611}], 'incident_description': {'incident_type': 'slip_and_fall', 'location_type': 'residential_property', 'estimated_damage_amount': 21040, 'police_report_number': None}}"
"[In-person intake completed by agent. System timestamp: 2025-09-03.]

So, I’m Robert Thompson, just got back from work and I’m finally getting a chance to sit down and try to explain what happened over at my place—3150 Cedar Lane, that townhouse on the corner with the blue mailbox. Honestly, yesterday was just about the worst day I’ve had in a while. I think the young woman at the desk gave me this claim number—CLM-860535—when I stopped by your office, so I’m just making sure I mention it right away in case you need it again.

Anyway, let me back up. I have a property policy with you folks, POL-694961021—I always make sure to renew as soon as a notice comes, so I’m good on coverage, right? It started on March 28th last year, if I remember, because I remember trying to sort out the paperwork right before my birthday. I believe it'll expire on the 27th next year, same month. My place is one of those older townhomes, built in ‘96, nothing too fancy but it’s home. I hope you still have it on file for $720,992? Sometimes the mail gets mixed up with my neighbor’s, so if you ever need that in writing again let me know.

So what happened, and honestly I wish it hadn’t—Monday evening, I ran down to do a load of laundry and noticed the tiles felt weird underfoot, kind of cold and damp, but I thought maybe my son left the basement door open. No such luck. Turns out, a pipe underneath the bathroom upstairs must’ve blown or cracked—I don’t know, I’m no plumber. But there was water all through the ceiling and parts of the walls in the basement, and that must’ve been going on for a few hours because by that point, the drywall was soggy, and a couple of my storage boxes got soaked too. I had a plumber come by and he said it was definitely busted plumbing, looked like a split in the line. I can give you his number; he’s local and has a truck with a big gopher painted on the side.

I tried to mop up what I could, but it just kept seeping out. My neighbor, Mrs. Garland, brought some fans over, which helped a bit with the smell, but I could tell right away this wasn’t just a small thing. I got really worried about mold, since my youngest has asthma. Honestly, I barely slept—between thinking about repairs and trying to move all my stuff into the garage so it wouldn't get ruined. Oh, and my dog knocked over the mop bucket at one point, so that was fun.

Anyway, your front desk told me to make sure to report the claim in person to get it rolling, which is why I came by today—that’s September 3rd, for your records. The water damage happened the night before, Tuesday, September 2nd. My estimate for damage is approximately $19,400. I assume the policy can cover that amount for the property (number 635143 in your system).","{'header': {'claim_id': 'CLM-860535', 'report_date': '2025-09-03', 'incident_date': '2025-09-02', 'reported_by': 'Robert Thompson', 'channel': 'In-Person'}, 'policy_details': {'policy_number': 'POL-694961021', 'policyholder_name': 'Robert Thompson', 'coverage_type': 'Property', 'effective_date': '2024-03-28', 'expiration_date': '2026-03-27'}, 'insured_objects': [{'object_id': 'PROP-635143', 'object_type': 'Building', 'make_model': 'Townhouse', 'year': 1996, 'location_address': '3150 Cedar Lane', 'estimated_value': 720992}], 'incident_description': {'incident_type': 'burst_pipe_flood', 'location_type': 'residential_property', 'estimated_damage_amount': 19400, 'police_report_number': None}}"
"[Phone call received: 2025-08-30]

Hey, so I guess I need to talk to someone about what happened at my building earlier this week. I’m David Johnson—my policy is ""POL-314055462"". I live over on Church Street in Georgetown, house number 9600, the yellow house, you probably know it if you’re ever over on this side of town, which only has residential properties.

Anyway, let me just get this out, because it’s all been kind of a mess and honestly I’m still kind of rattled from it. It was two days ago—I think Thursday, no wait, sorry, Wednesday, which… well if today’s Friday (I mean, I told the lady on the phone all this already, and she said she’d file the report on 8/30, which is today), so the fall happened on 8/28. Sorry, I never keep dates straight, it’s been a long week with the weather being all over the place.

So, what happened was, this guy, I think his name is Martin—he was visiting, and I guess he slipped on the edge of the sidewalk right by my property, but the thing is, I’m pretty sure that’s technically city property. Like, the part between the sidewalk and the street; everyone always says we’re responsible for keeping it mowed, but I didn’t really think about liability before this. Martin went down hard—just totally lost his balance and landed awkward on his arm. I called 911 because he was in a lot of pain, and we waited for the ambulance together. The neighbors were out watching; Judy from next door actually brought out some water, so if you need to talk to anyone else about what they saw, she was there, although she’s got a lot going on with her own house since she’s been redoing her porch.

Anyway, while I was talking to the guy from the city who came by later, he took some measurements but didn’t say much about who’s at fault—just that sometimes this stuff comes up and insurance gets involved. I haven’t had an accident at this property since buying it, and it was built way back in 1969 (sometimes when it rains I wish we’d gotten it checked for leaks, but that’s probably not important right now). The place is insured for something like $372,000 if I remember right (I always tell people it’s around that when they ask about house prices in town).

The lady handling the claim gave me the reference number—CLM-699674—when I called in, so I guess you’ll need that? She was super helpful, even though I kept losing my place in the paperwork. I’m mostly just worried about the liability part, because my coverage is for that? My policy went into effect back in on May twenty-seventh this year. It'll expire on the 26th two years later.","{'header': {'claim_id': 'CLM-699674', 'report_date': '2025-08-30', 'incident_date': '2025-08-28', 'reported_by': 'David Johnson', 'channel': 'Phone'}, 'policy_details': {'policy_number': 'POL-314055462', 'policyholder_name': 'David Johnson', 'coverage_type': 'Liability', 'effective_date': '2025-05-27', 'expiration_date': '2027-05-26'}, 'insured_objects': [{'object_id': None, 'object_type': 'Building', 'make_model': 'House', 'year': 1969, 'location_address': '9600 Church Street, Georgetown', 'estimated_value': 372000}], 'incident_description': {'incident_type': 'slip_and_fall', 'location_type': 'residential_property', 'estimated_damage_amount': None, 'police_report_number': None}}"
"Hi there, this is David Davis. I’m calling because, well, I was told to call my insurance company and file something about what happened today at my shop. I’m still a little shook up, to be honest—the whole thing was just, I don’t know, out of nowhere. Anyway, I don’t really know what to say, but when I first called in, the lady I spoke to gave me a claim number—CLM-531517, I think she said—so I’m hoping that’s the right one. She told me to keep it handy, so I’ve got it written down here on a sticky note next to my computer.

So today—I mean, it’s the same day I’m calling you, which is August 22nd 2025, right? Yeah, Thursday. All the mornings blend together for me, but I keep track when things like this happen. Anyway, there was a customer, I think her name was Mrs. Patterson (she comes in a lot for our cinnamon bread), but I’m not totally sure—it’s all a blur since the paramedics showed up. She slipped right in the front by the big window, near the display with the plants and the birthday cards. Someone had spilled water, I guess—though I swear we try to keep that area dry, especially after we mop in the morning. It wasn’t even raining, so I don’t know where the water came from, maybe from the flower buckets.

She went down pretty hard. I called 911 right away. There was surprisingly a police officer nearby—I think he was getting his coffee at the corner—so he was at the shop before the ambulance even got there. I think the police did a report, or at least that’s what he said. All the paperwork was overwhelming, but I believe the number he gave me was PR-20250822-6127. I’m not really sure how these things go but I hope that helps.

It’s been chaotic, honestly. While all that was going on, the bread delivery showed up and my dog kept barking from the back room, totally unrelated, but it was just a lot happening at once. I tried to check if she was okay but I don’t know first aid or anything, and I didn’t want to move her.

Now everyone keeps asking if she’s going to try to sue or something, which is making me pretty nervous. A couple of my employees were there—Lisa and Jamie—and they’re a bit shaken too. We closed for the afternoon to clean up and everyone’s just kind of jumpy now. That’s probably not important for the claim but I thought you should know.

Just to be clear, I’m reporting this on the phone right now (they said that would be fine), and the incident happened earlier today, before noon. The officer said he’d send a copy of the report to whoever needed it—insurance or lawyers, maybe—even though, again, I have","{'header': {'claim_id': 'CLM-531517', 'report_date': '2025-08-22', 'incident_date': '2025-08-22', 'reported_by': 'David Davis', 'channel': 'Phone'}, 'insured_objects': [{'object_id': None, 'object_type': 'Building', 'make_model': 'bakery'}], 'incident_description': {'incident_type': 'slip_and_fall', 'location_type': 'commercial_property', 'estimated_damage_amount': None, 'police_report_number': 'PR-20250822-6127'}}"
"Phone Interview Transcript (Reported by Lisa Garcia, 2025-08-19):

Hi there, I hope I’m in the right place—this is Lisa Garcia. I was asked to give all the details again just to make sure everything is in the system, so here goes. I called in on Monday, the 19th (I think that's today?), and the person on the phone gave me that claim number, CLM-692408, so I’d have it handy. They said it helps keep track, in case I get different agents—or if you’re all busy when I call back. Anyway.

So, this happened Sunday evening. I remember that because we were on our way back from my sister’s, and my husband William, whose name should be on the actual policy—I think his number is POL-575631637, but I always get that mixed up—was the one driving our blue 2017 Ford Escape. That’s the one with the little chip in the back left window? We got it valued last year on March 7th (at $16,433) on the same day we got the policy. The policy should run out next year on the 6th.

We were just turning onto Birchwood Lane in our neighborhood; it’s generally quiet except when the local kids are out riding bikes—and, of course, that wasn’t even the issue. We had stopped, my husband was letting a group of ducks cross the street, of all things, when this guy in a silver sedan just slammed right into the back of us. It wasn’t super fast but definitely enough to feel the jolt and hear the crunch. The man got out right away and apologized a bunch—he seemed more rattled than we were.

We actually waited for the police, and while we stood around, someone from down the street brought us lemonade (nice, but not really relevant, I guess). Anyway, the police came—took their time getting the report done, and gave us the paper with PR-20250817-9170 scribbled across the top. We’ve got a copy if anyone needs it again.

I’m reporting this now, two days after it happened—today's the 19th, right?—because we spent Monday morning calling around trying to figure out where we take the car for the estimates. The repair shop said it’ll be about $2,776. That’s just to fix the back bumper and trunk area; thankfully, it’s driveable, so we’ve just been careful about popping it open. I should add, our policy (effective since March of last year) should cover this, I think, but you all can check. It’s the auto policy, not the home, and we haven’t had any accidents before.

So, yeah, sorry if this is too much, but better to have all the details than not enough, right? Oh, and William’s insurance stuff is all bundled with our home, so if you see weird cross-references, that’s why.","{'header': {'claim_id': 'CLM-692408', 'report_date': '2025-08-19', 'incident_date': '2025-08-17', 'reported_by': 'Lisa Garcia', 'channel': 'Phone'}, 'policy_details': {'policy_number': 'POL-575631637', 'policyholder_name': 'William Garcia', 'coverage_type': 'Auto', 'effective_date': '2024-03-07', 'expiration_date': '2026-03-06'}, 'insured_objects': [{'object_id': None, 'object_type': 'Vehicle', 'make_model': 'Ford Escape', 'year': 2017, 'location_address': None, 'estimated_value': 16433}], 'incident_description': {'incident_type': 'rear_end_collision', 'location_type': 'residential_street', 'estimated_damage_amount': 2776, 'police_report_number': 'PR-20250817-9170'}}"
"Hi there,

I’m Michelle Brown—I’m not really sure what exactly you need me to include here, but I wanted to make sure everything gets reported properly. When I first emailed in, customer service gave me the reference number CLM-884860, just so you can pull this up easily. Not sure if that helps but anyway, this is about what happened at my business earlier this week.

So, I’m actually writing this a couple days after, since things have been so hectic just trying to get back into routine, but the incident itself actually took place on September 2nd. I didn’t report it until the 4th, because, honestly, I didn’t really sleep Monday night. The break-in totally threw me for a loop and it took a while to pull together all the details you folks seem to want. This email is just to try and get everything down before I forget. [Email received: 2025-09-04]

Basically, the issue is unauthorized entry—someone must have gotten into the shop after hours, sometime maybe late Monday/early Tuesday. We noticed things were missing as soon as we opened up, and there was a back window smashed. There’s also a huge headache dealing with the alarm company (they’re not being super helpful with their call logs), but police did come out, and we filed a report. I have the paper from them somewhere… It’s PR-20250902-7037, I believe, if that matters for your records.

The property loss is not a small amount—it’s close to $16,000, I think the final tally is $15,672 exactly, mostly equipment and some display cases. It’s going to take a while to get everything replaced, and the paperwork is a bit overwhelming to be honest. If you need all the specific serial numbers or something, I’m still working on that—my assistant is on vacation this week so I’m kind of doing this solo. The window was boarded up for now, but I’m waiting for a glass company to get out here (they said maybe not until next Friday because they’re backed up—which is just great).

Let me know if you need more info. I attached a couple of photos here, though they’re from my phone so not the best quality. Oh, and just in case: my junk folder has been eating emails lately, so please copy my other address just in case you try replying and don’t hear back.

Sorry this is a bit all over the place—hope it’s enough to get the claim rolling!

Thanks,
Michelle","{'header': {'claim_id': 'CLM-884860', 'report_date': '2025-09-04', 'incident_date': '2025-09-02', 'reported_by': 'Michelle Brown', 'channel': 'Email'}, 'insured_objects': [{'object_type': 'Building', 'make_model': 'shop'}], 'incident_description': {'incident_type': 'theft_burglary', 'location_type': 'commercial_property', 'estimated_damage_amount': 15672, 'police_report_number': 'PR-20250902-7037'}}"
"Hey, so I’m writing in because, honestly, I’ve never had to do this before, and I want to make sure I get it right. They told me to use this number—CLM-462584—when I emailed, so I hope that helps match everything up. This is James Johnson, by the way, reaching out about what happened yesterday. Sorry, I guess it was actually the day before—I keep losing track of the days now that it’s August, and my kids are out of school. Anyway, the bump happened on Monday, which would have been the 25th, yeah? I’m reporting it now, Tuesday, August 26th. Not sure if it matters, but figured you might need the timeline.

So, what happened was, I’m at that big shopping center lot—where there’s always stray carts everywhere, and the lines on the pavement are super faded. I was backing out after picking up groceries at 4:00 pm or so. To be honest, my son kept asking me about dinner, and my phone was buzzing in the cupholder, and I swear I checked my mirrors, but suddenly there was this other car behind me and we collided. Felt like one of those slow-motion moments—nothing super dramatic, but enough to crunch up the back bumper and smash a taillight.

The security guard was making his rounds and said he’d seen worse, which isn’t much comfort when you’ve got your rear end bashed in. I took photos, but I’m not super great with that stuff—the sun was hitting just right, so you can’t really see the scratches. I talked to the other driver and we traded info. I drove straight home afterwards, thinking it didn’t look so bad, but when I got it checked, the body shop said repairs are going to run me $3038. That was a shocker since I thought it’d just be paint and maybe a lightbulb or something. Guess that’s what happens these days.

Sorry if I’m rambling—just want to make sure I get everything in. I hope this email is what you need, since the gal on the phone said that’d be fastest. All in all, nobody got hurt, thank goodness. Just a crummy way to end a Monday, that’s for sure. Let me know if you need anything else from me. Thanks. 

[Email received: 2025-08-26]","{'header': {'claim_id': 'CLM-462584', 'report_date': '2025-08-26', 'incident_date': '2025-08-25', 'reported_by': 'James Johnson', 'channel': 'Email'}, 'insured_objects': None, 'incident_description': {'incident_type': 'parking_lot_collision', 'location_type': 'parking_lot', 'estimated_damage_amount': 3038, 'police_report_number': None}}"
"[System call-in log: 2025-09-09, 10:12am]  
Caller: Christopher Smith  
Policy number: POL-262724604

---

So, hi—uh, I guess I’m supposed to give that claim number they gave me—CLM-834090? They rattled it off when I called in a little while ago and told me to mention it if I had to follow up. Sorry, I’m not super sure how all this works, but I’ll just start where it started I guess.

This morning (it’s September 9th, according to my phone), I needed to report some really unexpected damage at my place—7050 Oak Ave, in Arlington. That’s our newer townhouse, built just last year, in 2023—I still have the little pamphlet from the builders in a drawer somewhere! Anyway, last night was, honestly, a nightmare weather-wise, so I know the storm happened September 9th since I barely slept, worrying about all the wind. We’re used to rain and stuff around these parts, but this wasn’t what we expected—hail and crazy winds were going strong for hours. I’m actually glad the cat slept through it, but I definitely did not.

When it cleared up this morning, I went outside to check the yard, just in case. Turns out, not just some branches down. There’s serious damage to the roofs—mine and my neighbor’s, but I’m only calling about mine for now. It looks like parts of the gutter are torn off and there’s a big spot where shingles got totally busted up. Pieces were scattered all over—my wife tried to clean up a few bits but I made her stop till I figured out what you all needed from us. Maybe it’s silly, but I also noticed my grill looked like it took a hit from the hail too. Not sure if that’s worth mentioning, but it was one of those really heavy steel ones, not the cheap kind—they’re expensive to replace!

Oh and the agent I spoke to—her name was Tina, I think—pulled up my account really fast from the policy number: POL-262724604. I remember getting everything set up back in May 2024, when we moved in, because she said the policy would cover “property,” or that’s what the paperwork said. Now I just hope this counts. The house is insured for a bit under $400,000? Like $392,607, I remember because it seemed like such an odd number.

I got one contractor’s ballpark for repairs on the damage (including the roof, gutters, some siding, the deck rail, and a busted window frame)—they said $28,390, but I’m not sure if that’s high or not. Feels like a ton, but I get it—materials are expensive now. Surely the policy can cover this, since it'll expire on October 29th.","{'header': {'claim_id': 'CLM-834090', 'report_date': '2025-09-09', 'incident_date': '2025-09-09', 'reported_by': 'Christopher Smith', 'channel': 'Phone'}, 'policy_details': {'policy_number': 'POL-262724604', 'policyholder_name': 'Christopher Smith', 'coverage_type': 'Property', 'effective_date': '2024-05-01', 'expiration_date': '2025-10-29'}, 'insured_objects': [{'object_id': None, 'object_type': 'Building', 'make_model': 'Townhouse', 'year': 2023, 'location_address': '7050 Oak Ave, Arlington', 'estimated_value': 392607}], 'incident_description': {'incident_type': 'storm_damage', 'location_type': 'residential_property', 'estimated_damage_amount': 28390, 'police_report_number': None}}"
"Phone Call Log [System Timestamp: 2025-09-05]

Okay, so, hi, this is Jennifer Miller—I hope I’m in the right place to talk to someone about my claim. I called in yesterday, and I think the representative said that my claim number is CLM-696349? I wrote it down somewhere, but please double-check because I always mix up numbers when I’m stressed.

Honestly, I’ve never had to make one of these calls before. I just thought it was a good idea to call as soon as I could—there was a fire at my house, and things have been really hectic since. I live at 7400 Second Street, Clayton. It’s the greenish single family home on the corner—built in 2013, I think. My dog's been barking nonstop since the whole thing happened, honestly, and I haven’t really slept; but that's not your problem, sorry, just a lot going on.

The fire happened the day before I reported it, on Thursday—I’m sure you can check the timestamp on this call or whatever you need. It was September 4th, and I called you folks early Friday morning because that’s when I finally got a chance after all the fire engines left. Some neighbor came over with coffee, which was nice, but I can barely remember everything. The issue was apparently due to faulty wiring in the walls. I always thought that since the house wasn’t that old, things would be fine, but the fire marshal said old wires or loose connections can sometimes cause these things. Sparks and smoke started in the living room wall, and it just escalated quickly. Suddenly there was smoke everywhere and, oh, the alarms! Good thing we got out, everyone’s safe, but the damage is…well, it’s a lot more than I expected.

They said my coverage under policy POL-285003271 should get things sorted out, as I’ve been keeping it up-to-date since it went active last December—December 13, 2024, I think—and it’s not set to expire till 2026 (on the 12th). I’m not the best with paperwork, but everything should be current.

The adjuster or whoever is coming out kept mentioning the numbers, and the estimate for damage so far is about $136,734—honestly, I can’t picture how that’s possible, but I guess fires are just that expensive. The house itself was appraised at $411,865 a while back, so at least we have that as a reference. Thankfully, I didn’t lose everything, but it’ll be months before things feel normal again. There’s water everywhere from the fire hoses, and now the walls have holes from where the firefighters checked for hotspots. My neighbor parked in front of my driveway again, but that’s not really the issue here.

If you need anything else, just let me know—I’m around most days, even though things are kind of upside down","{'header': {'claim_id': 'CLM-696349', 'report_date': '2025-09-05', 'incident_date': '2025-09-04', 'reported_by': 'Jennifer Miller', 'channel': 'Phone'}, 'policy_details': {'policy_number': 'POL-285003271', 'policyholder_name': 'Jennifer Miller', 'coverage_type': 'Property', 'effective_date': '2024-12-13', 'expiration_date': '2026-12-12'}, 'insured_objects': [{'object_id': None, 'object_type': 'Building', 'make_model': 'House', 'year': 2013, 'location_address': '7400 Second Street, Clayton', 'estimated_value': 411865}], 'incident_description': {'incident_type': 'electrical_fire', 'location_type': 'residential_property', 'estimated_damage_amount': 136734, 'police_report_number': None}}"
"Logged in user: James Smith. Submission timestamp: 16-8-2025. Submission id: CLM-405338. Assigned policies: - POL-932318703 car insurance policy. Item VIN70413800966102220 is a Honda CR-V, 2017 model. Activated September 25th, 2024. Valid for 1 year.

Incident description: I driving yesterday down the highway when, near Harrison Avenue, the other car just came out of nowhere on the opposite side, and next thing I knew, bam—crashed into the front. Like, I tried to swerve, but there wasn’t really anywhere to go, just those concrete dividers and the light pole on the right. My car took most of the hit. Estimate of damages is over $37,000 according to the mechanic, but I was surprised hese numbers can get up there when I think the car is worth half that.","{'header': {'claim_id': 'CLM-405338', 'report_date': '2025-08-16', 'incident_date': '2025-08-15', 'reported_by': 'James Smith'}, 'policy_details': {'policy_number': 'POL-932318703', 'policyholder_name': 'James Smith', 'coverage_type': 'Auto', 'effective_date': '2024-09-25', 'expiration_date': '2025-09-25'}, 'insured_objects': [{'object_id': 'VIN70413800966102220', 'object_type': 'Vehicle', 'make_model': 'Honda CR-V', 'year': 2017, 'location_address': None, 'estimated_value': None}], 'incident_description': {'incident_type': 'head_on_collision', 'location_type': 'highway', 'estimated_damage_amount': 37000, 'police_report_number': None}}"
"Call transcript [System log: 2025-09-10]

Representative: 'Good afternoon, could I have your claim reference?'

Caller: 'Oh right, I was told it’s CLM-741209—I think I wrote it on the back of an envelope somewhere, but yeah, that should be the one.'

---

So, my name is Karen Wilson, and I’m calling about an accident from Monday, September 8th. I honestly still can’t believe it happened. I drive a silver Toyota, the Camry from 2018 (the VIN number ends in …83745, I think—though I always misread that string of digits). I think the car’s still worth around $14,000, at least that’s what the appraisal last year said.' Representative: 'If you'll let me look up your details, I should be able to find that id. Ohh yes, VIN29384756109283745 is covered by the POL-811390245 car insurance policy under your name.' Caller: 'I renewed it last summer, mid-July, on the 15th. I hope it’s still active because, honestly, the last thing I need is a gap in coverage right now.

Anyway, I was stopped at the lights on Main & Fifth when this pickup truck just didn’t stop in time and hit me from behind. It wasn’t massive, but enough that my bumper is a mess and the trunk won’t close properly anymore. I told the officer on scene—he wrote a report, gave me the number: PR-20250908-1289, I think? Something like that. He said it should help when I call this in.

I already got a rough repair estimate from the shop my brother uses—it came to about $4,800 and change, though the mechanic said it could go higher if they find frame issues once they pull the panels off. I don’t remember the exact cents, $4,821 maybe, but I know it was more than I expected.

I mentioned all this to the tow truck guy and he said he’s seen worse. Not helpful! I’m still shaken up, and my daughter keeps asking if we can drive it to school, but it’s not safe until it’s fixed. Also, can someone tell me if rental coverage is part of this policy? I can’t find that page of the paperwork right now.

Sorry for rambling—I know you probably just need the basics, but I figured I’d explain everything in case it matters. Wait, now I'm realizing that the policy was just for one year and expired on the 14th. Am I too late?","{'header': {'claim_id': 'CLM-741209', 'report_date': '2025-09-10', 'incident_date': '2025-09-08', 'reported_by': 'Karen Wilson', 'channel': 'Phone'}, 'policy_details': {'policy_number': 'POL-811390245', 'policyholder_name': 'Karen Wilson', 'coverage_type': 'Auto', 'effective_date': '2024-07-15', 'expiration_date': '2025-07-14'}, 'insured_objects': [{'object_id': 'VIN29384756109283745', 'object_type': 'Vehicle', 'make_model': 'Toyota Camry', 'year': 2018, 'location_address': None, 'estimated_value': 14000}], 'incident_description': {'incident_type': 'rear_end_collision', 'location_type': 'intersection', 'estimated_damage_amount': 4821, 'police_report_number': 'PR-20250908-1289'}}"
"[Portal submission received: 2025-09-11]

Submitted by: Anthony Martinez  
Claim Reference: CLM-512907  
Policy: POL-220941678 (Property coverage, active since May 1, 2023, valid through April 30, 2025)

---

Details:  
My name is Anthony Martinez. I’m reporting storm damage from Tuesday, September 9th. I live at 8120 Lakeview Drive in Dayton, the tan-colored single-family house built in the mid-80s (1985, I think was the year on the county records). The house was last valued at about $356,000 when we refinanced two years ago.

The storm that rolled through this week hit our street really badly. We lost sections of shingles and a large tree limb crashed onto the roof and broke part of the gutter system. Siding was dented on the lake-facing side as well. I attached several photos through the portal.

I contacted a local contractor the same day, and they gave me a preliminary repair estimate of $18,742. The police also came by since wires were hanging low—report number they gave me is PR-20250909-4432.

This house (system id PROP-819304) is listed under my current property policy. Please confirm coverage applies; it’s the policy under my name (Anthony Martinez), property type is single family home. Coverage type is Property, as far as I understand it.

Thanks for reviewing this quickly—bad timing since we just had new tenants move into the downstairs unit, and they’re nervous about water coming in through the damaged roof.","{'header': {'claim_id': 'CLM-512907', 'report_date': '2025-09-11', 'incident_date': '2025-09-09', 'reported_by': 'Anthony Martinez', 'channel': 'Portal'}, 'policy_details': {'policy_number': 'POL-220941678', 'policyholder_name': 'Anthony Martinez', 'coverage_type': 'Property', 'effective_date': '2023-05-01', 'expiration_date': '2025-04-30'}, 'insured_objects': [{'object_id': 'PROP-819304', 'object_type': 'Building', 'make_model': 'House', 'year': 1985, 'location_address': '8120 Lakeview Drive, Dayton', 'estimated_value': 356000}], 'incident_description': {'incident_type': 'storm_damage', 'location_type': 'residential_property', 'estimated_damage_amount': 18742, 'police_report_number': 'PR-20250909-4432'}}"
"[Email received: 2025-09-12]

Subject: Claim CLM-624817 — Accident in Parking Lot

Hello,

This is Stephanie Clark writing about an accident I had yesterday in the grocery store parking lot. A truck backed into my Honda Accord (the 2020 model—VIN 12039485762194836 if you need it). My car is valued at about $19,500 according to my insurer’s last appraisal.

My auto policy is POL-573882014, which started last October 1 and runs until the end of September this year. Hopefully that means I’m still covered—I’ve been careful about renewals. This claim should be under reference CLM-624817.

The damage is mostly cosmetic—rear bumper dented, scratches across the trunk—but the repair shop quoted $3,100 to $3,200 depending on labor. The exact figure was $3,172, which I wrote down. I also filed a police report; they gave me the number PR-20250911-9821.

For context, I was parked at the Safeway lot, row D, while grabbing groceries. A bystander helped me exchange info with the other driver. I also mentioned it to my neighbor, but she kept confusing it with the accident she had last year, so ignore her version of events.

Let me know what documents you need from me.

Thanks,
Stephanie","{'header': {'claim_id': 'CLM-624817', 'report_date': '2025-09-12', 'incident_date': '2025-09-11', 'reported_by': 'Stephanie Clark', 'channel': 'Email'}, 'policy_details': {'policy_number': 'POL-573882014', 'policyholder_name': 'Stephanie Clark', 'coverage_type': 'Auto', 'effective_date': '2024-10-01', 'expiration_date': '2025-09-30'}, 'insured_objects': [{'object_id': 'VIN12039485762194836', 'object_type': 'Vehicle', 'make_model': 'Honda Accord', 'year': 2020, 'location_address': None, 'estimated_value': 19500}], 'incident_description': {'incident_type': 'parking_lot_collision', 'location_type': 'parking_lot', 'estimated_damage_amount': 3172, 'police_report_number': 'PR-20250911-9821'}}"
"[Phone call log: 2025-09-13]

Agent: 'Do you have your claim ID handy?'
Caller: 'Yes, it’s CLM-205311, I got that when I phoned yesterday to report preliminarily.'

---

This is Brian Lewis. I’m calling about my townhouse at 441 Oakwood Avenue in Buffalo. Built in the late ’70s—1978 if memory serves. The property was last valued around $389,000 in county records. Policy POL-455372900 covers it; I started that coverage on June 10th, 2023, runs through June 9th next year. Coverage type: property.

What happened: a pipe burst Friday evening—September 12th—and the water soaked through the basement walls. It was a nightmare. My wife thought it was a leak from the washing machine, but when we called the plumber, he said no, it’s the upstairs bathroom line. They’ve already given a ballpark repair cost: $12,187. The agent yesterday said to call back today so it’s logged in the system properly.

No police report filed—it wasn’t that type of incident. But I do have contractor documentation if you need it.

Thanks,
Brian","{'header': {'claim_id': 'CLM-205311', 'report_date': '2025-09-12', 'incident_date': '2025-09-12', 'reported_by': 'Brian Lewis', 'channel': 'Phone'}, 'policy_details': {'policy_number': 'POL-455372900', 'policyholder_name': 'Brian Lewis', 'coverage_type': 'Property', 'effective_date': '2023-06-10', 'expiration_date': '2026-06-09'}, 'insured_objects': [{'object_id': None, 'object_type': 'Building', 'make_model': 'Townhouse', 'year': 1978, 'location_address': '441 Oakwood Avenue, Buffalo', 'estimated_value': 389000}], 'incident_description': {'incident_type': 'burst_pipe_flood', 'location_type': 'residential_property', 'estimated_damage_amount': 12187, 'police_report_number': None}}"
"[Intake form completed at office, 2025-09-14]

Name: Olivia White  
Claim: CLM-930672  
Policy: POL-668299345 (liability, Jan 20, 2024 – Jan 19, 2026)

---

Statement: Yesterday afternoon—September 13th—a visitor slipped in the lobby of my commercial office at 300 Market Street, Albany (building constructed 2005, valuation roughly $742,500). They landed hard on their hip near the reception desk. I wasn’t present but staff called me immediately.

The officer who came wrote up a report—PR-20250913-5507—and paramedics took the visitor to the hospital. The preliminary facility damage estimate (tiles and cleanup) was around $8,860.

Please note: this is a liability claim. The building's liability is under id 982311 in the system.

Filed in person today at your Albany branch office.

Signed: Olivia White","{'header': {'claim_id': 'CLM-930672', 'report_date': '2025-09-14', 'incident_date': '2025-09-13', 'reported_by': 'Olivia White', 'channel': 'In-Person'}, 'policy_details': {'policy_number': 'POL-668299345', 'policyholder_name': 'Olivia White', 'coverage_type': 'Liability', 'effective_date': '2024-01-20', 'expiration_date': '2026-01-19'}, 'insured_objects': [{'object_id': 'PROP-982311', 'object_type': 'Building', 'make_model': 'Office', 'year': 2005, 'location_address': '300 Market Street, Albany', 'estimated_value': 742500}], 'incident_description': {'incident_type': 'slip_and_fall', 'location_type': 'commercial_property', 'estimated_damage_amount': 8860, 'police_report_number': 'PR-20250913-5507'}}"
"[Portal submission: 2025-09-15]

Policyholder: Daniel Evans  
Policy: POL-391047522 (Ford F-150, 2021 model, insured for about $28,400; coverage valid Feb 10 2024 – Feb 9 2027)

---

Details: On Saturday night—two days ago, the 13th—my truck (VIN84930271645092834, blue Ford F-150) was hit broadside at the intersection of Grant and Maple. Another driver ran a red light. My wife insists it was Sunday, but I checked the calendar—Saturday the 13th is right.

The police came and issued report PR-20250913-3344. Damage includes both driver-side doors, rear wheel, and broken glass. The repair estimate is just over ten grand, $10,322 specifically.

Claim reference CLM-144512 was automatically assigned when I filed this. The portal made me re-enter my policy dates, which I know: started Feb 10, 2024 and ends in a couple years from that date. I believe you only offer up to three years of coverage.

No injuries, thankfully.

Can I use the policy I have on my 2020 Honda Accord that's insured by your competitor?","{'header': {'claim_id': 'CLM-144512', 'report_date': '2025-09-15', 'incident_date': '2025-09-13', 'reported_by': 'Daniel Evans', 'channel': 'Portal'}, 'policy_details': {'policy_number': 'POL-391047522', 'policyholder_name': 'Daniel Evans', 'coverage_type': 'Auto', 'effective_date': '2024-02-10', 'expiration_date': '2027-02-09'}, 'insured_objects': [{'object_id': 'VIN84930271645092834', 'object_type': 'Vehicle', 'make_model': 'Ford F-150', 'year': 2021, 'location_address': None, 'estimated_value': 28400}], 'incident_description': {'incident_type': 'side_impact_collision', 'location_type': 'intersection', 'estimated_damage_amount': 10322, 'police_report_number': 'PR-20250913-3344'}}"
"[Email received: 2025-09-16]

Subject: Accident Report — Claim CLM-772093

Hi,

I’m reporting a crash from yesterday (September 15th). I was driving my 2019 Subaru Outback (VIN98123746509283746, estimated value ~$17,350) when another car rear-ended me on the interstate. I wanted to mention I also own a Toyota Corolla (2017, VIN29384756109283744, ~$11,200), which is under the same policy POL-119384756, but that car was parked at home and not involved. Please don’t mix them up.

The highway patrol officer filed report PR-20250915-4419. The mechanic’s estimate came to $6,321 in damages for the Outback—mostly bumper and exhaust replacement.

---

[Attached PDF: Policy Printout]

Policy #: POL-119384756  
Holder: Laura Adams  
Coverage: Auto  
Effective: 05-Nov-2023  
Expires: 04-Nov-2025  
Insured Vehicles: Subaru Outback 2019, Toyota Corolla 2017

---

Thanks,  
Laura I'm also thinking of including my 2020 Mazda CX-5, estimated at $20k, in the policy in the future, but I haven't gotten to that yet.","{'header': {'claim_id': 'CLM-772093', 'report_date': '2025-09-16', 'incident_date': '2025-09-15', 'reported_by': 'Laura Adams', 'channel': 'Email'}, 'policy_details': {'policy_number': 'POL-119384756', 'policyholder_name': 'Laura Adams', 'coverage_type': 'Auto', 'effective_date': '2023-11-05', 'expiration_date': '2025-11-04'}, 'insured_objects': [{'object_id': 'VIN98123746509283746', 'object_type': 'Vehicle', 'make_model': 'Subaru Outback', 'year': 2019, 'location_address': None, 'estimated_value': 17350}, {'object_id': 'VIN29384756109283744', 'object_type': 'Vehicle', 'make_model': 'Toyota Corolla', 'year': 2017, 'location_address': None, 'estimated_value': 11200}], 'incident_description': {'incident_type': 'rear_end_collision', 'location_type': 'highway', 'estimated_damage_amount': 6321, 'police_report_number': 'PR-20250915-4419'}}"
"[Front Desk Intake Log — 2025-09-17]

Claimant Name: Ethan Walker  
Claim Reference: CLM-390871  
Policy #: POL-702193847  
Channel: In-Person

---

[Customer-provided printout — Policy Summary]
Coverage: Property  
Holder: Ethan Walker  
Effective: Aug 01, 2024  
Expiration: Jul 31, 2025  
Insured Property: Single Family Home, 1920 Pinecrest Ln, Toledo OH. Built 1992. Valuation: $268,900.

---

[Customer handwritten note]
“Fire broke out in our kitchen on Sunday evening (Sept 14th). Stove grease flare-up. Flames spread to cabinets and ceiling before fire dept arrived. Damage is widespread. Contractor’s early estimate: $44,215. Police came and wrote report #PR-20250914-2291.”

---

[Intake Officer Comments]
Claim reported in person on Sept 17, 2025. Policyholder seems nervous, brought binder with insurance documents. Provided receipts and fire department incident summary. Will upload scans.

---","{'header': {'claim_id': 'CLM-390871', 'report_date': '2025-09-17', 'incident_date': '2025-09-14', 'reported_by': 'Ethan Walker', 'channel': 'In-Person'}, 'policy_details': {'policy_number': 'POL-702193847', 'policyholder_name': 'Ethan Walker', 'coverage_type': 'Property', 'effective_date': '2024-08-01', 'expiration_date': '2025-07-31'}, 'insured_objects': [{'object_id': None, 'object_type': 'Building', 'make_model': 'House', 'year': 1992, 'location_address': '1920 Pinecrest Ln, Toledo', 'estimated_value': 268900}], 'incident_description': {'incident_type': 'kitchen_fire', 'location_type': 'residential_property', 'estimated_damage_amount': 44215, 'police_report_number': 'PR-20250914-2291'}}"
"[Phone log: 2025-09-18]

Caller: 'This is Rachel Green. I think the system gave me CLM-551092 yesterday when I first called in. I just want to confirm everything's filed.'

---

Incident details: It happened *two days ago*—that would’ve been Tuesday the 16th—when the heavy rainstorm came through. Water leaked in through the roof of my townhouse at 621 Brookside Ct, Madison. The building is from 2008, valued last year at just over $314,000. My policy is POL-509238176; I renewed in May 12th, 2024 and it's good for two years minus 1 day, so I think it’s still active.

The ceiling in the upstairs bedroom collapsed partway. A contractor came yesterday—he threw out numbers like “around $8k, maybe $9k” but then wrote down an exact figure of $8,237. I assume that’s the real estimate.

No police involvement, just a repair crew and my neighbor who helped move furniture.

---","{'header': {'claim_id': 'CLM-551092', 'report_date': '2025-09-17', 'incident_date': '2025-09-16', 'reported_by': 'Rachel Green', 'channel': 'Phone'}, 'policy_details': {'policy_number': 'POL-509238176', 'policyholder_name': 'Rachel Green', 'coverage_type': 'Property', 'effective_date': '2024-05-12', 'expiration_date': '2026-05-11'}, 'insured_objects': [{'object_id': None, 'object_type': 'Building', 'make_model': 'Townhouse', 'year': 2008, 'location_address': '621 Brookside Ct, Madison', 'estimated_value': 314000}], 'incident_description': {'incident_type': 'roof_leak', 'location_type': 'residential_property', 'estimated_damage_amount': 8237, 'police_report_number': None}}"
"[Email received: 2025-09-20]

Hi, this is Olivia Carter. I'm following up on my phone call earlier in the week about making a claim (CLM-229871), I'll just do it here. My policy is POL-667198234, active since October (10/10) last year (set to renew next month on the 9th).

The accident was Thursday the 18th, at the intersection by Willow and Grant. Another driver blew a red light and slammed into the side of my 2020 Mazda CX-5 (VIN77889900112233445). Police showed up, filed report PR-20250918-8821.

The shop said the damage came to about half the car’s value. Their written quote was $7,800, which tracks because I recall the last appraisal put the Mazda’s value around $15,600. The numbers line up almost exactly—half the car.

So: vehicle value is $15.6k, damage about $7.8k. I attached the shop invoice and appraisal slip if you need to confirm.

Thanks,  
Olivia","{'header': {'claim_id': 'CLM-229871', 'report_date': '2025-09-20', 'incident_date': '2025-09-18', 'reported_by': 'Olivia Carter', 'channel': 'Phone'}, 'policy_details': {'policy_number': 'POL-667198234', 'policyholder_name': 'Olivia Carter', 'effective_date': '2024-10-10', 'expiration_date': '2025-10-09', 'coverage_type': 'Auto'}, 'insured_objects': [{'object_id': 'VIN77889900112233445', 'object_type': 'Vehicle', 'make_model': 'Mazda CX-5', 'year': 2020, 'location_address': None, 'estimated_value': 15600}], 'incident_description': {'incident_type': 'side_impact_collision', 'location_type': 'intersection', 'estimated_damage_amount': 7800, 'police_report_number': 'PR-20250918-8821'}}"
"[Phone call transcript: 2025-09-21]

Rep: 'Can I have your policy number, please?'

Caller: 'I don’t have it handy—I think it was something like POL- or PLO-... I’ll have to dig up the folder. The papers are in my desk at work. Sorry.'

Rep: 'That’s fine, we can still log the claim.'

---

Caller: 'So, I’m reporting that someone fell at my shop yesterday, Saturday the 20th. It’s at 1220 Main Street, the bakery I run. They slipped by the counter. I didn’t catch their name, but an ambulance came. I didn’t get a police report number—was I supposed to ask for that?'

Rep: 'That’s okay, we can follow up.'

Caller: 'I don’t even know what the damage figure is supposed to be. My assistant says it could be a lawsuit, but I’m just trying to cover my bases.'

Assistant: 'Until I have a policy number, we can't log the claim fully. If I can have your name, I can fill out the rest of the details for the claim after you've found the policy number.'

Caller: 'I'll get it to you as soon as I can. The name is Mark Evans.'

---","{'header': {'claim_id': None, 'report_date': '2025-09-21', 'incident_date': '2025-09-20', 'reported_by': 'Mark Evans', 'channel': 'Phone'}, 'policy_details': {'policyholder_name':'Mark Evans'}, 'insured_objects': [{'object_id': None, 'object_type': 'Building', 'location_address': '1220 Main Street', 'make_model': 'Bakery'}], 'incident_description': {'incident_type': 'slip_and_fall', 'location_type': 'commercial_property', 'estimated_damage_amount': None, 'police_report_number': None}}"
"Email received: Sun, Sep 21, 2025

From: Susan Lee  
Subject: Claim submission (CLM-320198)

Hi, I’m filing about yesterday (Saturday the 20th). My Subaru Outback (2015, VIN 88776655443322110) was sideswiped near the grocery store. The shop quoted me around $2,100 in repairs. No police were called since the other driver left a note.

My auto policy POL-481992330 should cover this. I started it last year—pretty sure it was September 22, 2024—and it’s good for one year. So, unless I messed up, it literally expires tomorrow (the 21st). Lucky timing, I guess.

PS—my husband has his own truck policy, POL-1938something, but that’s separate.

Thanks,  
Susan","{'header': {'claim_id': 'CLM-320198', 'report_date': '2025-09-21', 'incident_date': '2025-09-20', 'reported_by': 'Susan Lee', 'channel': 'Email'}, 'policy_details': {'policy_number': 'POL-481992330', 'policyholder_name': 'Susan Lee', 'coverage_type': 'Auto', 'effective_date': '2024-09-22', 'expiration_date': '2025-09-21'}, 'insured_objects': [{'object_id': 'VIN88776655443322110', 'object_type': 'Vehicle', 'make_model': 'Subaru Outback', 'year': 2015, 'location_address': None, 'estimated_value': None}], 'incident_description': {'incident_type': 'side_impact_collision', 'location_type': 'parking_lot', 'estimated_damage_amount': 2100, 'police_report_number': None}}"
"[Phone transcript: 2025-09-22]

Rep: 'Claim ID please?'
Caller: 'CLM-440882, I think. Wrote it down yesterday when I first called in.'

---

This is George Clark. My car—well, it’s an old beater from ’99, I honestly don’t even remember the make anymore, maybe a Ford or Mazda? VIN should be in your system, ends …6554. I bought it second-hand ages ago. No idea what it’s worth these days.

The accident was yesterday evening, on Maple Street near my house. Another driver tapped me from behind. Police came, gave me a slip, PR-20250921-2234.

I don’t have a repair estimate yet; mechanic can’t see it until Thursday. My auto policy is POL-998734221, which I think I started last November—it should still be valid till this November. I believe I got it on the 15th, so it'll expire on the 14th.

My brother has a shiny new Tesla policy with you guys too, but that’s his problem, not mine.

---","{'header': {'claim_id': 'CLM-440882', 'report_date': '2025-09-21', 'incident_date': '2025-09-21', 'reported_by': 'George Clark', 'channel': 'Phone'}, 'policy_details': {'policy_number': 'POL-998734221', 'policyholder_name': 'George Clark', 'coverage_type': 'Auto', 'effective_date': '2024-11-15', 'expiration_date': '2025-11-14'}, 'insured_objects': [{'object_id': None, 'object_type': 'Vehicle', 'make_model': None, 'year': 1999, 'location_address': None, 'estimated_value': None}], 'incident_description': {'incident_type': 'rear_end_collision', 'location_type': 'residential_street', 'estimated_damage_amount': None, 'police_report_number': 'PR-20250921-2234'}}"
"[Intake sheet scanned — OCR pass, some errors]

ClAIM REF: CLM-773011  
REPORT DATE: 19-SEP-2025  
INCIDENT: ~WATER DMG, burst P!pe, 17th Sep.

Customer: Patrica (Patricia) Adams  
Policy # POL-554321090 (?? check digit)  
Coverage: Property  
Effective: 01-02-2024  Exp: 31-01-2025

Insured: PROP-223190, single famly home @ 4501 Ashwood Dr Salem. Val = $289,000. Built 1975.

Notes: ceiling collapsed, carpets ruined. Est damage ~ $13.2k. ContracTOR note says $13,240.  No police.

---","{'header': {'claim_id': 'CLM-773011', 'report_date': '2025-09-19', 'incident_date': '2025-09-17', 'reported_by': 'Patricia Adams'}, 'policy_details': {'policy_number': 'POL-554321090', 'policyholder_name': 'Patricia Adams', 'coverage_type': 'Property', 'effective_date': '2024-02-01', 'expiration_date': '2025-01-31'}, 'insured_objects': [{'object_id': 'PROP-223190', 'object_type': 'Building', 'make_model': 'House', 'year': 1975, 'location_address': '4501 Ashwood Dr, Salem', 'estimated_value': 289000}], 'incident_description': {'incident_type': 'burst_pipe_flood', 'location_type': 'residential_property', 'estimated_damage_amount': 13240, 'police_report_number': None}}"
"[Portal claim form auto-generated: 2025-09-23]

Claim ID: CLM-664028 
Policy: POL-776542109 10-06-23/09-06-26 DD/MM/YY (Liability)

Submitter: Emily Johnson

---

Incident date: yesterday (Monday the 22nd). At my retail shop (9900 Commerce Blvd). Customer slipped near the back entrance. Building was constructed 2011. I think last appraisal was just over half a million ($502k). Contractor quoted $14,500 for repairs/cleanup.

No police number—I wasn’t sure if one was required since paramedics handled it.

For clarity: this is *my* liability policy. My cousin also has a POL-77654something with you, but unrelated.

---","{'header': {'claim_id': 'CLM-664028', 'report_date': '2025-09-23', 'incident_date': '2025-09-22', 'reported_by': 'Emily Johnson', 'channel': 'Portal'}, 'policy_details': {'policy_number': 'POL-776542109', 'policyholder_name': 'Emily Johnson', 'coverage_type': 'Liability', 'effective_date': '2023-06-10', 'expiration_date': '2026-06-09'}, 'insured_objects': [{'object_id': None, 'object_type': 'Building', 'make_model': 'Shop', 'year': 2011, 'location_address': '9900 Commerce Blvd', 'estimated_value': 502000}], 'incident_description': {'incident_type': 'slip_and_fall', 'location_type': 'commercial_property', 'estimated_damage_amount': 14500, 'police_report_number': None}}"